Id,Predictions
1,Very Old
2,Very Old
3,Very Old
4,Very Old
5,Very Old
6,Very Old
7,Very Old
8,Very Old
9,Very Old
10,Very Old
11,Very Old
12,Very Old
13,Very Old
14,Very Old
15,Very Old
16,Very Old
17,Very Old
18,Very Old
19,Very Old
20,Very Old
21,Very Old
22,Very Old
23,Very Old
24,Very Old
25,Very Old
26,Very Old
27,Very Old
28,Very Old
29,Very Old
30,Very Old
31,Very Old
32,Very Old
33,Very Old
34,Very Old
35,Very Old
36,Very Old
37,Very Old
38,Very Old
39,Very Old
40,Very Old
41,Very Old
42,Very Old
43,Very Old
44,Very Old
45,Very Old
46,Very Old
47,Very Old
48,Very Old
49,Very Old
50,Very Old
51,Very Old
52,Very Old
53,Very Old
54,Very Old
55,Very Old
56,Very Old
57,Very Old
58,Very Old
59,Very Old
60,Very Old
61,Very Old
62,Very Old
63,Very Old
64,Very Old
65,Very Old
66,Very Old
67,Very Old
68,Very Old
69,Very Old
70,Very Old
71,Very Old
72,Very Old
73,Very Old
74,Very Old
75,Very Old
76,Very Old
77,Very Old
78,Very Old
79,Very Old
80,Very Old
81,Very Old
82,Very Old
83,Very Old
84,Very Old
85,Very Old
86,Very Old
87,Very Old
88,Very Old
89,Very Old
90,Very Old
91,Very Old
92,Very Old
93,Very Old
94,Very Old
95,Very Old
96,Very Old
97,Very Old
98,Very Old
99,Very Old
100,Very Old
101,Very Old
102,Very Old
103,Very Old
104,Very Old
105,Very Old
106,Very Old
107,Very Old
108,Very Old
109,Very Old
110,Very Old
111,Very Old
112,Very Old
113,Very Old
114,Very Old
115,Very Old
116,Very Old
117,Very Old
118,Very Old
119,Very Old
120,Very Old
121,Very Old
122,Very Old
123,Very Old
124,Very Old
125,Very Old
126,Very Old
127,Very Old
128,Very Old
129,Very Old
130,Very Old
131,Very Old
132,Very Old
133,Very Old
134,Very Old
135,Very Old
136,Very Old
137,Very Old
138,Very Old
139,Very Old
140,Very Old
141,Very Old
142,Very Old
143,Very Old
144,Very Old
145,Very Old
146,Very Old
147,Very Old
148,Very Old
149,Very Old
150,Very Old
151,Very Old
152,Very Old
153,Very Old
154,Very Old
155,Very Old
156,Very Old
157,Very Old
158,Very Old
159,Very Old
160,Very Old
161,Very Old
162,Very Old
163,Very Old
164,Very Old
165,Very Old
166,Very Old
167,Very Old
168,Very Old
169,Very Old
170,Very Old
171,Very Old
172,Very Old
173,Very Old
174,Very Old
175,Very Old
176,Very Old
177,Very Old
178,Very Old
179,Very Old
180,Very Old
181,Very Old
182,Very Old
183,Very Old
184,Very Old
185,Very Old
186,Very Old
187,Very Old
188,Very Old
189,Very Old
190,Very Old
191,Very Old
192,Very Old
193,Very Old
194,Very Old
195,Very Old
196,Very Old
197,Very Old
198,Very Old
199,Very Old
200,Very Old
201,Very Old
202,Very Old
203,Very Old
204,Very Old
205,Very Old
206,Very Old
207,Very Old
208,Very Old
209,Very Old
210,Very Old
211,Very Old
212,Very Old
213,Very Old
214,Very Old
215,Very Old
216,Very Old
217,Very Old
218,Very Old
219,Very Old
220,Very Old
221,Very Old
222,Very Old
223,Very Old
224,Very Old
225,Very Old
226,Very Old
227,Very Old
228,Very Old
229,Very Old
230,Very Old
231,Very Old
232,Very Old
233,Very Old
234,Very Old
235,Very Old
236,Very Old
237,Very Old
238,Very Old
239,Very Old
240,Very Old
241,Very Old
242,Very Old
243,Very Old
244,Very Old
245,Very Old
246,Very Old
247,Very Old
248,Very Old
249,Very Old
250,Very Old
251,Very Old
252,Very Old
253,Very Old
254,Very Old
255,Very Old
256,Very Old
257,Very Old
258,Very Old
259,Very Old
260,Very Old
261,Very Old
262,Very Old
263,Very Old
264,Very Old
265,Very Old
266,Very Old
267,Very Old
268,Very Old
269,Very Old
270,Very Old
271,Very Old
272,Very Old
273,Very Old
274,Very Old
275,Very Old
276,Very Old
277,Very Old
278,Very Old
279,Very Old
280,Very Old
281,Very Old
282,Very Old
283,Very Old
284,Very Old
285,Very Old
286,Very Old
287,Very Old
288,Very Old
289,Very Old
290,Very Old
291,Very Old
292,Very Old
293,Very Old
294,Very Old
295,Very Old
296,Very Old
297,Very Old
298,Very Old
299,Very Old
300,Very Old
301,Very Old
302,Very Old
303,Very Old
304,Very Old
305,Very Old
306,Very Old
307,Very Old
308,Very Old
309,Very Old
310,Very Old
311,Very Old
312,Very Old
313,Very Old
314,Very Old
315,Very Old
316,Very Old
317,Very Old
318,Very Old
319,Very Old
320,Very Old
321,Very Old
322,Very Old
323,Very Old
324,Very Old
325,Very Old
326,Very Old
327,Very Old
328,Very Old
329,Very Old
330,Very Old
331,Very Old
332,Very Old
333,Very Old
334,Very Old
335,Very Old
336,Very Old
337,Very Old
338,Very Old
339,Very Old
340,Very Old
341,Very Old
342,Very Old
343,Very Old
344,Very Old
345,Very Old
346,Very Old
347,Very Old
348,Very Old
349,Very Old
350,Very Old
351,Very Old
352,Very Old
353,Very Old
354,Very Old
355,Very Old
356,Very Old
357,Very Old
358,Very Old
359,Very Old
360,Very Old
361,Very Old
362,Very Old
363,Very Old
364,Very Old
365,Very Old
366,Very Old
367,Very Old
368,Very Old
369,Very Old
370,Very Old
371,Very Old
372,Very Old
373,Very Old
374,Very Old
375,Very Old
376,Very Old
377,Very Old
378,Very Old
379,Very Old
380,Very Old
381,Very Old
382,Very Old
383,Very Old
384,Very Old
385,Very Old
386,Very Old
387,Very Old
388,Very Old
389,Very Old
390,Very Old
391,Very Old
392,Very Old
393,Very Old
394,Very Old
395,Very Old
396,Very Old
397,Very Old
398,Very Old
399,Very Old
400,Very Old
401,Very Old
402,Very Old
403,Very Old
404,Very Old
405,Very Old
406,Very Old
407,Very Old
408,Very Old
409,Very Old
410,Very Old
411,Very Old
412,Very Old
413,Very Old
414,Very Old
415,Very Old
416,Very Old
417,Very Old
418,Very Old
419,Very Old
420,Very Old
421,Very Old
422,Very Old
423,Very Old
424,Very Old
425,Very Old
426,Very Old
427,Very Old
428,Very Old
429,Very Old
430,Very Old
431,Very Old
432,Very Old
433,Very Old
434,Very Old
435,Very Old
436,Very Old
437,Very Old
438,Very Old
439,Very Old
440,Very Old
441,Very Old
442,Very Old
443,Very Old
444,Very Old
445,Very Old
446,Very Old
447,Very Old
448,Very Old
449,Very Old
450,Very Old
451,Very Old
452,Very Old
453,Very Old
454,Very Old
455,Very Old
456,Very Old
457,Very Old
458,Very Old
459,Very Old
460,Very Old
461,Very Old
462,Very Old
463,Very Old
464,Very Old
465,Very Old
466,Very Old
467,Very Old
468,Very Old
469,Very Old
470,Very Old
471,Very Old
472,Very Old
473,Very Old
474,Very Old
475,Very Old
476,Very Old
477,Very Old
478,Very Old
479,Very Old
480,Very Old
481,Very Old
482,Very Old
483,Very Old
484,Very Old
485,Very Old
486,Very Old
487,Very Old
488,Very Old
489,Very Old
490,Very Old
491,Very Old
492,Very Old
493,Very Old
494,Very Old
495,Very Old
496,Very Old
497,Very Old
498,Very Old
499,Very Old
500,Very Old
501,Very Old
502,Very Old
503,Very Old
504,Very Old
505,Very Old
506,Very Old
507,Very Old
508,Very Old
509,Very Old
510,Very Old
511,Very Old
512,Very Old
513,Very Old
514,Very Old
515,Very Old
516,Very Old
517,Very Old
518,Very Old
519,Very Old
520,Very Old
521,Very Old
522,Very Old
523,Very Old
524,Very Old
525,Very Old
526,Very Old
527,Very Old
528,Very Old
529,Very Old
530,Very Old
531,Very Old
532,Very Old
533,Very Old
534,Very Old
535,Very Old
536,Very Old
537,Very Old
538,Very Old
539,Very Old
540,Very Old
541,Very Old
542,Very Old
543,Very Old
544,Very Old
545,Very Old
546,Very Old
547,Very Old
548,Very Old
549,Very Old
550,Very Old
551,Very Old
552,Very Old
553,Very Old
554,Very Old
555,Very Old
556,Very Old
557,Very Old
558,Very Old
559,Very Old
560,Very Old
561,Very Old
562,Very Old
563,Very Old
564,Very Old
565,Very Old
566,Very Old
567,Very Old
568,Very Old
569,Very Old
570,Very Old
571,Very Old
572,Very Old
573,Very Old
574,Very Old
575,Very Old
576,Very Old
577,Very Old
578,Very Old
579,Very Old
580,Very Old
581,Very Old
582,Very Old
583,Very Old
584,Very Old
585,Very Old
586,Very Old
587,Very Old
588,Very Old
589,Very Old
590,Very Old
591,Very Old
592,Very Old
593,Very Old
594,Very Old
595,Very Old
596,Very Old
597,Very Old
598,Very Old
599,Very Old
600,Very Old
601,Very Old
602,Very Old
603,Very Old
604,Very Old
605,Very Old
606,Very Old
607,Very Old
608,Very Old
609,Very Old
610,Very Old
611,Very Old
612,Very Old
613,Very Old
614,Very Old
615,Very Old
616,Very Old
617,Very Old
618,Very Old
619,Very Old
620,Very Old
621,Very Old
622,Very Old
623,Very Old
624,Very Old
625,Very Old
626,Very Old
627,Very Old
628,Very Old
629,Very Old
630,Very Old
631,Very Old
632,Very Old
633,Very Old
634,Very Old
635,Very Old
636,Very Old
637,Very Old
638,Very Old
639,Very Old
640,Very Old
641,Very Old
642,Very Old
643,Very Old
644,Very Old
645,Very Old
646,Very Old
647,Very Old
648,Very Old
649,Very Old
650,Very Old
651,Very Old
652,Very Old
653,Very Old
654,Very Old
655,Very Old
656,Very Old
657,Very Old
658,Very Old
659,Very Old
660,Very Old
661,Very Old
662,Very Old
663,Very Old
664,Very Old
665,Very Old
666,Very Old
667,Very Old
668,Very Old
669,Very Old
670,Very Old
671,Very Old
672,Very Old
673,Very Old
674,Very Old
675,Very Old
676,Very Old
677,Very Old
678,Very Old
679,Very Old
680,Very Old
681,Very Old
682,Very Old
683,Very Old
684,Very Old
685,Very Old
686,Very Old
687,Very Old
688,Very Old
689,Very Old
690,Very Old
691,Very Old
692,Very Old
693,Very Old
694,Very Old
695,Very Old
696,Very Old
697,Very Old
698,Very Old
699,Very Old
700,Very Old
701,Very Old
702,Very Old
703,Very Old
704,Very Old
705,Very Old
706,Very Old
707,Very Old
708,Very Old
709,Very Old
710,Very Old
711,Very Old
712,Very Old
713,Very Old
714,Very Old
715,Very Old
716,Very Old
717,Very Old
718,Very Old
719,Very Old
720,Very Old
721,Very Old
722,Very Old
723,Very Old
724,Very Old
725,Very Old
726,Very Old
727,Very Old
728,Very Old
729,Very Old
730,Very Old
731,Very Old
732,Very Old
733,Very Old
734,Very Old
735,Very Old
736,Very Old
737,Very Old
738,Very Old
739,Very Old
740,Very Old
741,Very Old
742,Very Old
743,Very Old
744,Very Old
745,Very Old
746,Very Old
747,Very Old
748,Very Old
749,Very Old
750,Very Old
751,Very Old
752,Very Old
753,Very Old
754,Very Old
755,Very Old
756,Very Old
757,Very Old
758,Very Old
759,Very Old
760,Very Old
761,Very Old
762,Very Old
763,Very Old
764,Very Old
765,Very Old
766,Very Old
767,Very Old
768,Very Old
769,Very Old
770,Very Old
771,Very Old
772,Very Old
773,Very Old
774,Very Old
775,Very Old
776,Very Old
777,Very Old
778,Very Old
779,Very Old
780,Very Old
781,Very Old
782,Very Old
783,Very Old
784,Very Old
785,Very Old
786,Very Old
787,Very Old
788,Very Old
789,Very Old
790,Very Old
791,Very Old
792,Very Old
793,Very Old
794,Very Old
795,Very Old
796,Very Old
797,Very Old
798,Very Old
799,Very Old
800,Very Old
801,Very Old
802,Very Old
803,Very Old
804,Very Old
805,Very Old
806,Very Old
807,Very Old
808,Very Old
809,Very Old
810,Very Old
811,Very Old
812,Very Old
813,Very Old
814,Very Old
815,Very Old
816,Very Old
817,Very Old
818,Very Old
819,Very Old
820,Very Old
821,Very Old
822,Very Old
823,Very Old
824,Very Old
825,Very Old
826,Very Old
827,Very Old
828,Very Old
829,Very Old
830,Very Old
831,Very Old
832,Very Old
833,Very Old
834,Very Old
835,Very Old
836,Very Old
837,Very Old
838,Very Old
839,Very Old
840,Very Old
841,Very Old
842,Very Old
843,Very Old
844,Very Old
845,Very Old
846,Very Old
847,Very Old
848,Very Old
849,Very Old
850,Very Old
851,Very Old
852,Very Old
853,Very Old
854,Very Old
855,Very Old
856,Very Old
857,Very Old
858,Very Old
859,Very Old
860,Very Old
861,Very Old
862,Very Old
863,Very Old
864,Very Old
865,Very Old
866,Very Old
867,Very Old
868,Very Old
869,Very Old
870,Very Old
871,Very Old
872,Very Old
873,Very Old
874,Very Old
875,Very Old
876,Very Old
877,Very Old
878,Very Old
879,Very Old
880,Very Old
881,Very Old
882,Very Old
883,Very Old
884,Very Old
885,Very Old
886,Very Old
887,Very Old
888,Very Old
889,Very Old
890,Very Old
891,Very Old
892,Very Old
893,Very Old
894,Very Old
895,Very Old
896,Very Old
897,Very Old
898,Very Old
899,Very Old
900,Very Old
901,Very Old
902,Very Old
903,Very Old
904,Very Old
905,Very Old
906,Very Old
907,Very Old
908,Very Old
909,Very Old
910,Very Old
911,Very Old
912,Very Old
913,Very Old
914,Very Old
915,Very Old
916,Very Old
917,Very Old
918,Very Old
919,Very Old
920,Very Old
921,Very Old
922,Very Old
923,Very Old
924,Very Old
925,Very Old
926,Very Old
927,Very Old
928,Very Old
929,Very Old
930,Very Old
931,Very Old
932,Very Old
933,Very Old
934,Very Old
935,Very Old
936,Very Old
937,Very Old
938,Very Old
939,Very Old
940,Very Old
941,Very Old
942,Very Old
943,Very Old
944,Very Old
945,Very Old
946,Very Old
947,Very Old
948,Very Old
949,Very Old
950,Very Old
951,Very Old
952,Very Old
953,Very Old
954,Very Old
955,Very Old
956,Very Old
957,Very Old
958,Very Old
959,Very Old
960,Very Old
961,Very Old
962,Very Old
963,Very Old
964,Very Old
965,Very Old
966,Very Old
967,Very Old
968,Very Old
969,Very Old
970,Very Old
971,Very Old
972,Very Old
973,Very Old
974,Very Old
975,Very Old
976,Very Old
977,Very Old
978,Very Old
979,Very Old
980,Very Old
981,Very Old
982,Very Old
983,Very Old
984,Very Old
985,Very Old
986,Very Old
987,Very Old
988,Very Old
989,Very Old
990,Very Old
991,Very Old
992,Very Old
993,Very Old
994,Very Old
995,Very Old
996,Very Old
997,Very Old
998,Very Old
999,Very Old
1000,Very Old
1001,Very Old
1002,Very Old
1003,Very Old
1004,Very Old
1005,Very Old
1006,Very Old
1007,Very Old
1008,Very Old
1009,Very Old
1010,Very Old
1011,Very Old
1012,Very Old
1013,Very Old
1014,Very Old
1015,Very Old
1016,Very Old
1017,Very Old
1018,Very Old
1019,Very Old
1020,Very Old
1021,Very Old
1022,Very Old
1023,Very Old
1024,Very Old
1025,Very Old
1026,Very Old
1027,Very Old
1028,Very Old
1029,Very Old
1030,Very Old
1031,Very Old
1032,Very Old
1033,Very Old
1034,Very Old
1035,Very Old
1036,Very Old
1037,Very Old
1038,Very Old
1039,Very Old
1040,Very Old
1041,Very Old
1042,Very Old
1043,Very Old
1044,Very Old
1045,Very Old
1046,Very Old
1047,Very Old
1048,Very Old
1049,Very Old
1050,Very Old
1051,Very Old
1052,Very Old
1053,Very Old
1054,Very Old
1055,Very Old
1056,Very Old
1057,Very Old
1058,Very Old
1059,Very Old
1060,Very Old
1061,Very Old
1062,Very Old
1063,Very Old
1064,Very Old
1065,Very Old
1066,Very Old
1067,Very Old
1068,Very Old
1069,Very Old
1070,Very Old
1071,Very Old
1072,Very Old
1073,Very Old
1074,Very Old
1075,Very Old
1076,Very Old
1077,Very Old
1078,Very Old
1079,Very Old
1080,Very Old
1081,Very Old
1082,Very Old
1083,Very Old
1084,Very Old
1085,Very Old
1086,Very Old
1087,Very Old
1088,Very Old
1089,Very Old
1090,Very Old
1091,Very Old
1092,Very Old
1093,Very Old
1094,Very Old
1095,Very Old
1096,Very Old
1097,Very Old
1098,Very Old
1099,Very Old
1100,Very Old
1101,Very Old
1102,Very Old
1103,Very Old
1104,Very Old
1105,Very Old
1106,Very Old
1107,Very Old
1108,Very Old
1109,Very Old
1110,Very Old
1111,Very Old
1112,Very Old
1113,Very Old
1114,Very Old
1115,Very Old
1116,Very Old
1117,Very Old
1118,Very Old
1119,Very Old
1120,Very Old
1121,Very Old
1122,Very Old
1123,Very Old
1124,Very Old
1125,Very Old
1126,Very Old
1127,Very Old
1128,Very Old
1129,Very Old
1130,Very Old
1131,Very Old
1132,Very Old
1133,Very Old
1134,Very Old
1135,Very Old
1136,Very Old
1137,Very Old
1138,Very Old
1139,Very Old
1140,Very Old
1141,Very Old
1142,Very Old
1143,Very Old
1144,Very Old
1145,Very Old
1146,Very Old
1147,Very Old
1148,Very Old
1149,Very Old
1150,Very Old
1151,Very Old
1152,Very Old
1153,Very Old
1154,Very Old
1155,Very Old
1156,Very Old
1157,Very Old
1158,Very Old
1159,Very Old
1160,Very Old
1161,Very Old
1162,Very Old
1163,Very Old
1164,Very Old
1165,Very Old
1166,Very Old
1167,Very Old
1168,Very Old
1169,Very Old
1170,Very Old
1171,Very Old
1172,Very Old
1173,Very Old
1174,Very Old
1175,Very Old
1176,Very Old
1177,Very Old
1178,Very Old
1179,Very Old
1180,Very Old
1181,Very Old
1182,Very Old
1183,Very Old
1184,Very Old
1185,Very Old
1186,Very Old
1187,Very Old
1188,Very Old
1189,Very Old
1190,Very Old
1191,Very Old
1192,Very Old
1193,Very Old
1194,Very Old
1195,Very Old
1196,Very Old
1197,Very Old
1198,Very Old
1199,Very Old
1200,Very Old
1201,Very Old
1202,Very Old
1203,Very Old
1204,Very Old
1205,Very Old
1206,Very Old
1207,Very Old
1208,Very Old
1209,Very Old
1210,Very Old
1211,Very Old
1212,Very Old
1213,Very Old
1214,Very Old
1215,Very Old
1216,Very Old
1217,Very Old
1218,Very Old
1219,Very Old
1220,Very Old
1221,Very Old
1222,Very Old
1223,Very Old
1224,Very Old
1225,Very Old
1226,Very Old
1227,Very Old
1228,Very Old
1229,Very Old
1230,Very Old
1231,Very Old
1232,Very Old
1233,Very Old
1234,Very Old
1235,Very Old
1236,Very Old
1237,Very Old
1238,Very Old
1239,Very Old
1240,Very Old
1241,Very Old
1242,Very Old
1243,Very Old
1244,Very Old
1245,Very Old
1246,Very Old
1247,Very Old
1248,Very Old
1249,Very Old
1250,Very Old
1251,Very Old
1252,Very Old
1253,Very Old
1254,Very Old
1255,Very Old
1256,Very Old
1257,Very Old
1258,Very Old
1259,Very Old
1260,Very Old
1261,Very Old
1262,Very Old
1263,Very Old
1264,Very Old
1265,Very Old
1266,Very Old
1267,Very Old
1268,Very Old
1269,Very Old
1270,Very Old
1271,Very Old
1272,Very Old
1273,Very Old
1274,Very Old
1275,Very Old
1276,Very Old
1277,Very Old
1278,Very Old
1279,Very Old
1280,Very Old
1281,Very Old
1282,Very Old
1283,Very Old
1284,Very Old
1285,Very Old
1286,Very Old
1287,Very Old
1288,Very Old
1289,Very Old
1290,Very Old
1291,Very Old
1292,Very Old
1293,Very Old
1294,Very Old
1295,Very Old
1296,Very Old
1297,Very Old
1298,Very Old
1299,Very Old
1300,Very Old
1301,Very Old
1302,Very Old
1303,Very Old
1304,Very Old
1305,Very Old
1306,Very Old
1307,Very Old
1308,Very Old
1309,Very Old
1310,Very Old
1311,Very Old
1312,Very Old
1313,Very Old
1314,Very Old
1315,Very Old
1316,Very Old
1317,Very Old
1318,Very Old
1319,Very Old
1320,Very Old
1321,Very Old
1322,Very Old
1323,Very Old
1324,Very Old
1325,Very Old
1326,Very Old
1327,Very Old
1328,Very Old
1329,Very Old
1330,Very Old
1331,Very Old
1332,Very Old
1333,Very Old
1334,Very Old
1335,Very Old
1336,Very Old
1337,Very Old
1338,Very Old
1339,Very Old
1340,Very Old
1341,Very Old
1342,Very Old
1343,Very Old
1344,Very Old
1345,Very Old
1346,Very Old
1347,Very Old
1348,Very Old
1349,Very Old
1350,Very Old
1351,Very Old
1352,Very Old
1353,Very Old
1354,Very Old
1355,Very Old
1356,Very Old
1357,Very Old
1358,Very Old
1359,Very Old
1360,Very Old
1361,Very Old
1362,Very Old
1363,Very Old
1364,Very Old
1365,Very Old
1366,Very Old
1367,Very Old
1368,Very Old
1369,Very Old
1370,Very Old
1371,Very Old
1372,Very Old
1373,Very Old
1374,Very Old
1375,Very Old
1376,Very Old
1377,Very Old
1378,Very Old
1379,Very Old
1380,Very Old
1381,Very Old
1382,Very Old
1383,Very Old
1384,Very Old
1385,Very Old
1386,Very Old
1387,Very Old
1388,Very Old
1389,Very Old
1390,Very Old
1391,Very Old
1392,Very Old
1393,Very Old
1394,Very Old
1395,Very Old
1396,Very Old
1397,Very Old
1398,Very Old
1399,Very Old
1400,Very Old
1401,Very Old
1402,Very Old
1403,Very Old
1404,Very Old
1405,Very Old
1406,Very Old
1407,Very Old
1408,Very Old
1409,Very Old
1410,Very Old
1411,Very Old
1412,Very Old
1413,Very Old
1414,Very Old
1415,Very Old
1416,Very Old
1417,Very Old
1418,Very Old
1419,Very Old
1420,Very Old
1421,Very Old
1422,Very Old
1423,Very Old
1424,Very Old
1425,Very Old
1426,Very Old
1427,Very Old
1428,Very Old
1429,Very Old
1430,Very Old
1431,Very Old
1432,Very Old
1433,Very Old
1434,Very Old
1435,Very Old
1436,Very Old
1437,Very Old
1438,Very Old
1439,Very Old
1440,Very Old
1441,Very Old
1442,Very Old
1443,Very Old
1444,Very Old
1445,Very Old
1446,Very Old
1447,Very Old
1448,Very Old
1449,Very Old
1450,Very Old
1451,Very Old
1452,Very Old
1453,Very Old
1454,Very Old
1455,Very Old
1456,Very Old
1457,Very Old
1458,Very Old
1459,Very Old
1460,Very Old
1461,Very Old
1462,Very Old
1463,Very Old
1464,Very Old
1465,Very Old
1466,Very Old
1467,Very Old
1468,Very Old
1469,Very Old
1470,Very Old
1471,Very Old
1472,Very Old
1473,Very Old
1474,Very Old
1475,Very Old
1476,Very Old
1477,Very Old
1478,Very Old
1479,Very Old
1480,Very Old
1481,Very Old
1482,Very Old
1483,Very Old
1484,Very Old
1485,Very Old
1486,Very Old
1487,Very Old
1488,Very Old
1489,Very Old
1490,Very Old
1491,Very Old
1492,Very Old
1493,Very Old
1494,Very Old
1495,Very Old
1496,Very Old
1497,Very Old
1498,Very Old
1499,Very Old
1500,Very Old
1501,Very Old
1502,Very Old
1503,Very Old
1504,Very Old
1505,Very Old
1506,Very Old
1507,Very Old
1508,Very Old
1509,Very Old
1510,Very Old
1511,Very Old
1512,Very Old
1513,Very Old
1514,Very Old
1515,Very Old
1516,Very Old
1517,Very Old
1518,Very Old
1519,Very Old
1520,Very Old
1521,Very Old
1522,Very Old
1523,Very Old
1524,Very Old
1525,Very Old
1526,Very Old
1527,Very Old
1528,Very Old
1529,Very Old
1530,Very Old
1531,Very Old
1532,Very Old
1533,Very Old
1534,Very Old
1535,Very Old
1536,Very Old
1537,Very Old
1538,Very Old
1539,Very Old
1540,Very Old
1541,Very Old
1542,Very Old
1543,Very Old
1544,Very Old
1545,Very Old
1546,Very Old
1547,Very Old
1548,Very Old
1549,Very Old
1550,Very Old
1551,Very Old
1552,Very Old
1553,Very Old
1554,Very Old
1555,Very Old
1556,Very Old
1557,Very Old
1558,Very Old
1559,Very Old
1560,Very Old
1561,Very Old
1562,Very Old
1563,Very Old
1564,Very Old
1565,Very Old
1566,Very Old
1567,Very Old
1568,Very Old
1569,Very Old
1570,Very Old
1571,Very Old
1572,Very Old
1573,Very Old
1574,Very Old
1575,Very Old
1576,Very Old
1577,Very Old
1578,Very Old
1579,Very Old
1580,Very Old
1581,Very Old
1582,Very Old
1583,Very Old
1584,Very Old
1585,Very Old
1586,Very Old
1587,Very Old
1588,Very Old
1589,Very Old
1590,Very Old
1591,Very Old
1592,Very Old
1593,Very Old
1594,Very Old
1595,Very Old
1596,Very Old
1597,Very Old
1598,Very Old
1599,Very Old
1600,Very Old
1601,Very Old
1602,Very Old
1603,Very Old
1604,Very Old
1605,Very Old
1606,Very Old
1607,Very Old
1608,Very Old
1609,Very Old
1610,Very Old
1611,Very Old
1612,Very Old
1613,Very Old
1614,Very Old
1615,Very Old
1616,Very Old
1617,Very Old
1618,Very Old
1619,Very Old
1620,Very Old
1621,Very Old
1622,Very Old
1623,Very Old
1624,Very Old
1625,Very Old
1626,Very Old
1627,Very Old
1628,Very Old
1629,Very Old
1630,Very Old
1631,Very Old
1632,Very Old
1633,Very Old
1634,Very Old
1635,Very Old
1636,Very Old
1637,Very Old
1638,Very Old
1639,Very Old
1640,Very Old
1641,Very Old
1642,Very Old
1643,Very Old
1644,Very Old
1645,Very Old
1646,Very Old
1647,Very Old
1648,Very Old
1649,Very Old
1650,Very Old
1651,Very Old
1652,Very Old
1653,Very Old
1654,Very Old
1655,Very Old
1656,Very Old
1657,Very Old
1658,Very Old
1659,Very Old
1660,Very Old
1661,Very Old
1662,Very Old
1663,Very Old
1664,Very Old
1665,Very Old
1666,Very Old
1667,Very Old
1668,Very Old
1669,Very Old
1670,Very Old
1671,Very Old
1672,Very Old
1673,Very Old
1674,Very Old
1675,Very Old
1676,Very Old
1677,Very Old
1678,Very Old
1679,Very Old
1680,Very Old
1681,Very Old
1682,Very Old
1683,Very Old
1684,Very Old
1685,Very Old
1686,Very Old
1687,Very Old
1688,Very Old
1689,Very Old
1690,Very Old
1691,Very Old
1692,Very Old
1693,Very Old
1694,Very Old
1695,Very Old
1696,Very Old
1697,Very Old
1698,Very Old
1699,Very Old
1700,Very Old
1701,Very Old
1702,Very Old
1703,Very Old
1704,Very Old
1705,Very Old
1706,Very Old
1707,Very Old
1708,Very Old
1709,Very Old
1710,Very Old
1711,Very Old
1712,Very Old
1713,Very Old
1714,Very Old
1715,Very Old
1716,Very Old
1717,Very Old
1718,Very Old
1719,Very Old
1720,Very Old
1721,Very Old
1722,Very Old
1723,Very Old
1724,Very Old
1725,Very Old
1726,Very Old
1727,Very Old
1728,Very Old
1729,Very Old
1730,Very Old
1731,Very Old
1732,Very Old
1733,Very Old
1734,Very Old
1735,Very Old
1736,Very Old
1737,Very Old
1738,Very Old
1739,Very Old
1740,Very Old
1741,Very Old
1742,Very Old
1743,Very Old
1744,Very Old
1745,Very Old
1746,Very Old
1747,Very Old
1748,Very Old
1749,Very Old
1750,Very Old
1751,Very Old
1752,Very Old
1753,Very Old
1754,Very Old
1755,Very Old
1756,Very Old
1757,Very Old
1758,Very Old
1759,Very Old
1760,Very Old
1761,Very Old
1762,Very Old
1763,Very Old
1764,Very Old
1765,Very Old
1766,Very Old
1767,Very Old
1768,Very Old
1769,Very Old
1770,Very Old
1771,Very Old
1772,Very Old
1773,Very Old
1774,Very Old
1775,Very Old
1776,Very Old
1777,Very Old
1778,Very Old
1779,Very Old
1780,Very Old
1781,Very Old
1782,Very Old
1783,Very Old
1784,Very Old
1785,Very Old
1786,Very Old
1787,Very Old
1788,Very Old
1789,Very Old
1790,Very Old
1791,Very Old
1792,Very Old
1793,Very Old
1794,Very Old
1795,Very Old
1796,Very Old
1797,Very Old
1798,Very Old
1799,Very Old
1800,Very Old
1801,Very Old
1802,Very Old
1803,Very Old
1804,Very Old
1805,Very Old
1806,Very Old
1807,Very Old
1808,Very Old
1809,Very Old
1810,Very Old
1811,Very Old
1812,Very Old
1813,Very Old
1814,Very Old
1815,Very Old
1816,Very Old
1817,Very Old
1818,Very Old
1819,Very Old
1820,Very Old
1821,Very Old
1822,Very Old
1823,Very Old
1824,Very Old
1825,Very Old
1826,Very Old
1827,Very Old
1828,Very Old
1829,Very Old
1830,Very Old
1831,Very Old
1832,Very Old
1833,Very Old
1834,Very Old
1835,Very Old
1836,Very Old
1837,Very Old
1838,Very Old
1839,Very Old
1840,Very Old
1841,Very Old
1842,Very Old
1843,Very Old
1844,Very Old
1845,Very Old
1846,Very Old
1847,Very Old
1848,Very Old
1849,Very Old
1850,Very Old
1851,Very Old
1852,Very Old
1853,Very Old
1854,Very Old
1855,Very Old
1856,Very Old
1857,Very Old
1858,Very Old
1859,Very Old
1860,Very Old
1861,Very Old
1862,Very Old
1863,Very Old
1864,Very Old
1865,Very Old
1866,Very Old
1867,Very Old
1868,Very Old
1869,Very Old
1870,Very Old
1871,Very Old
1872,Very Old
1873,Very Old
1874,Very Old
1875,Very Old
1876,Very Old
1877,Very Old
1878,Very Old
1879,Very Old
1880,Very Old
1881,Very Old
1882,Very Old
1883,Very Old
1884,Very Old
1885,Very Old
1886,Very Old
1887,Very Old
1888,Very Old
1889,Very Old
1890,Very Old
1891,Very Old
1892,Very Old
1893,Very Old
1894,Very Old
1895,Very Old
1896,Very Old
1897,Very Old
1898,Very Old
1899,Very Old
1900,Very Old
1901,Very Old
1902,Very Old
1903,Very Old
1904,Very Old
1905,Very Old
1906,Very Old
1907,Very Old
1908,Very Old
1909,Very Old
1910,Very Old
1911,Very Old
1912,Very Old
1913,Very Old
1914,Very Old
1915,Very Old
1916,Very Old
1917,Very Old
1918,Very Old
1919,Very Old
1920,Very Old
1921,Very Old
1922,Very Old
1923,Very Old
1924,Very Old
1925,Very Old
1926,Very Old
1927,Very Old
1928,Very Old
1929,Very Old
1930,Very Old
1931,Very Old
1932,Very Old
1933,Very Old
1934,Very Old
1935,Very Old
1936,Very Old
1937,Very Old
1938,Very Old
1939,Very Old
1940,Very Old
1941,Very Old
1942,Very Old
1943,Very Old
1944,Very Old
1945,Very Old
1946,Very Old
1947,Very Old
1948,Very Old
1949,Very Old
1950,Very Old
1951,Very Old
1952,Very Old
1953,Very Old
1954,Very Old
1955,Very Old
1956,Very Old
1957,Very Old
1958,Very Old
1959,Very Old
1960,Very Old
1961,Very Old
1962,Very Old
1963,Very Old
1964,Very Old
1965,Very Old
1966,Very Old
1967,Very Old
1968,Very Old
1969,Very Old
1970,Very Old
1971,Very Old
1972,Very Old
1973,Very Old
1974,Very Old
1975,Very Old
1976,Very Old
1977,Very Old
1978,Very Old
1979,Very Old
1980,Very Old
1981,Very Old
1982,Very Old
1983,Very Old
1984,Very Old
1985,Very Old
1986,Very Old
1987,Very Old
1988,Very Old
1989,Very Old
1990,Very Old
1991,Very Old
1992,Very Old
1993,Very Old
1994,Very Old
1995,Very Old
1996,Very Old
1997,Very Old
1998,Very Old
1999,Very Old
2000,Very Old
2001,Very Old
2002,Very Old
2003,Very Old
2004,Very Old
2005,Very Old
2006,Very Old
2007,Very Old
2008,Very Old
2009,Very Old
2010,Very Old
2011,Very Old
2012,Very Old
2013,Very Old
2014,Very Old
2015,Very Old
2016,Very Old
2017,Very Old
2018,Very Old
2019,Very Old
2020,Very Old
2021,Very Old
2022,Very Old
2023,Very Old
2024,Very Old
2025,Very Old
2026,Very Old
2027,Very Old
2028,Very Old
2029,Very Old
2030,Very Old
2031,Very Old
2032,Very Old
2033,Very Old
2034,Very Old
2035,Very Old
2036,Very Old
2037,Very Old
2038,Very Old
2039,Very Old
2040,Very Old
2041,Very Old
2042,Very Old
2043,Very Old
2044,Very Old
2045,Very Old
2046,Very Old
2047,Very Old
2048,Very Old
2049,Very Old
2050,Very Old
2051,Very Old
2052,Very Old
2053,Very Old
2054,Very Old
2055,Very Old
2056,Very Old
2057,Very Old
2058,Very Old
2059,Very Old
2060,Very Old
2061,Very Old
2062,Very Old
2063,Very Old
2064,Very Old
2065,Very Old
2066,Very Old
2067,Very Old
2068,Very Old
2069,Very Old
2070,Very Old
2071,Very Old
2072,Very Old
2073,Very Old
2074,Very Old
2075,Very Old
2076,Very Old
2077,Very Old
2078,Very Old
2079,Very Old
2080,Very Old
2081,Very Old
2082,Very Old
2083,Very Old
2084,Very Old
2085,Very Old
2086,Very Old
2087,Very Old
2088,Very Old
2089,Very Old
2090,Very Old
2091,Very Old
2092,Very Old
2093,Very Old
2094,Very Old
2095,Very Old
2096,Very Old
2097,Very Old
2098,Very Old
2099,Very Old
2100,Very Old
2101,Very Old
2102,Very Old
2103,Very Old
2104,Very Old
2105,Very Old
2106,Very Old
2107,Very Old
2108,Very Old
2109,Very Old
2110,Very Old
2111,Very Old
2112,Very Old
2113,Very Old
2114,Very Old
2115,Very Old
2116,Very Old
2117,Very Old
2118,Very Old
2119,Very Old
2120,Very Old
2121,Very Old
2122,Very Old
2123,Very Old
2124,Very Old
2125,Very Old
2126,Very Old
2127,Very Old
2128,Very Old
2129,Very Old
2130,Very Old
2131,Very Old
2132,Very Old
2133,Very Old
2134,Very Old
2135,Very Old
2136,Very Old
2137,Very Old
2138,Very Old
2139,Very Old
2140,Very Old
2141,Very Old
2142,Very Old
2143,Very Old
2144,Very Old
2145,Very Old
2146,Very Old
2147,Very Old
2148,Very Old
2149,Very Old
2150,Very Old
2151,Very Old
2152,Very Old
2153,Very Old
2154,Very Old
2155,Very Old
2156,Very Old
2157,Very Old
2158,Very Old
2159,Very Old
2160,Very Old
2161,Very Old
2162,Very Old
2163,Very Old
2164,Very Old
2165,Very Old
2166,Very Old
2167,Very Old
2168,Very Old
2169,Very Old
2170,Very Old
2171,Very Old
2172,Very Old
2173,Very Old
2174,Very Old
2175,Very Old
2176,Very Old
2177,Very Old
2178,Very Old
2179,Very Old
2180,Very Old
2181,Very Old
2182,Very Old
2183,Very Old
2184,Very Old
2185,Very Old
2186,Very Old
2187,Very Old
2188,Very Old
2189,Very Old
2190,Very Old
2191,Very Old
2192,Very Old
2193,Very Old
2194,Very Old
2195,Very Old
2196,Very Old
2197,Very Old
2198,Very Old
2199,Very Old
2200,Very Old
2201,Very Old
2202,Very Old
2203,Very Old
2204,Very Old
2205,Very Old
2206,Very Old
2207,Very Old
2208,Very Old
2209,Very Old
2210,Very Old
2211,Very Old
2212,Very Old
2213,Very Old
2214,Very Old
2215,Very Old
2216,Very Old
2217,Very Old
2218,Very Old
2219,Very Old
2220,Very Old
2221,Very Old
2222,Very Old
2223,Very Old
2224,Very Old
2225,Very Old
2226,Very Old
2227,Very Old
2228,Very Old
2229,Very Old
2230,Very Old
2231,Very Old
2232,Very Old
2233,Very Old
2234,Very Old
2235,Very Old
2236,Very Old
2237,Very Old
2238,Very Old
2239,Very Old
2240,Very Old
2241,Very Old
2242,Very Old
2243,Very Old
2244,Very Old
2245,Very Old
2246,Very Old
2247,Very Old
2248,Very Old
2249,Very Old
2250,Very Old
2251,Very Old
2252,Very Old
2253,Very Old
2254,Very Old
2255,Very Old
2256,Very Old
2257,Very Old
2258,Very Old
2259,Very Old
2260,Very Old
2261,Very Old
2262,Very Old
2263,Very Old
2264,Very Old
2265,Very Old
2266,Very Old
2267,Very Old
2268,Very Old
2269,Very Old
2270,Very Old
2271,Very Old
2272,Very Old
2273,Very Old
2274,Very Old
2275,Very Old
2276,Very Old
2277,Very Old
2278,Very Old
2279,Very Old
2280,Very Old
2281,Very Old
2282,Very Old
2283,Very Old
2284,Very Old
2285,Very Old
2286,Very Old
2287,Very Old
2288,Very Old
2289,Very Old
2290,Very Old
2291,Very Old
2292,Very Old
2293,Very Old
2294,Very Old
2295,Very Old
2296,Very Old
2297,Very Old
2298,Very Old
2299,Very Old
2300,Very Old
2301,Very Old
2302,Very Old
2303,Very Old
2304,Very Old
2305,Very Old
2306,Very Old
2307,Very Old
2308,Very Old
2309,Very Old
2310,Very Old
2311,Very Old
2312,Very Old
2313,Very Old
2314,Very Old
2315,Very Old
2316,Very Old
2317,Very Old
2318,Very Old
2319,Very Old
2320,Very Old
2321,Very Old
2322,Very Old
2323,Very Old
2324,Very Old
2325,Very Old
2326,Very Old
2327,Very Old
2328,Very Old
2329,Very Old
2330,Very Old
2331,Very Old
2332,Very Old
2333,Very Old
2334,Very Old
2335,Very Old
2336,Very Old
2337,Very Old
2338,Very Old
2339,Very Old
2340,Very Old
2341,Very Old
2342,Very Old
2343,Very Old
2344,Very Old
2345,Very Old
2346,Very Old
2347,Very Old
2348,Very Old
2349,Very Old
2350,Very Old
2351,Very Old
2352,Very Old
2353,Very Old
2354,Very Old
2355,Very Old
2356,Very Old
2357,Very Old
2358,Very Old
2359,Very Old
2360,Very Old
2361,Very Old
2362,Very Old
2363,Very Old
2364,Very Old
2365,Very Old
2366,Very Old
2367,Very Old
2368,Very Old
2369,Very Old
2370,Very Old
2371,Very Old
2372,Very Old
2373,Very Old
2374,Very Old
2375,Very Old
2376,Very Old
2377,Very Old
2378,Very Old
2379,Very Old
2380,Very Old
2381,Very Old
2382,Very Old
2383,Very Old
2384,Very Old
2385,Very Old
2386,Very Old
2387,Very Old
2388,Very Old
2389,Very Old
2390,Very Old
2391,Very Old
2392,Very Old
2393,Very Old
2394,Very Old
2395,Very Old
2396,Very Old
2397,Very Old
2398,Very Old
2399,Very Old
2400,Very Old
2401,Very Old
2402,Very Old
2403,Very Old
2404,Very Old
2405,Very Old
2406,Very Old
2407,Very Old
2408,Very Old
2409,Very Old
2410,Very Old
2411,Very Old
2412,Very Old
2413,Very Old
2414,Very Old
2415,Very Old
2416,Very Old
2417,Very Old
2418,Very Old
2419,Very Old
2420,Very Old
2421,Very Old
2422,Very Old
2423,Very Old
2424,Very Old
2425,Very Old
2426,Very Old
2427,Very Old
2428,Very Old
2429,Very Old
2430,Very Old
2431,Very Old
2432,Very Old
2433,Very Old
2434,Very Old
2435,Very Old
2436,Very Old
2437,Very Old
2438,Very Old
2439,Very Old
2440,Very Old
2441,Very Old
2442,Very Old
2443,Very Old
2444,Very Old
2445,Very Old
2446,Very Old
2447,Very Old
2448,Very Old
2449,Very Old
2450,Very Old
2451,Very Old
2452,Very Old
2453,Very Old
2454,Very Old
2455,Very Old
2456,Very Old
2457,Very Old
2458,Very Old
2459,Very Old
2460,Very Old
2461,Very Old
2462,Very Old
2463,Very Old
2464,Very Old
2465,Very Old
2466,Very Old
2467,Very Old
2468,Very Old
2469,Very Old
2470,Very Old
2471,Very Old
2472,Very Old
2473,Very Old
2474,Very Old
2475,Very Old
2476,Very Old
2477,Very Old
2478,Very Old
2479,Very Old
2480,Very Old
2481,Very Old
2482,Very Old
2483,Very Old
2484,Very Old
2485,Very Old
2486,Very Old
2487,Very Old
2488,Very Old
2489,Very Old
2490,Very Old
2491,Very Old
2492,Very Old
2493,Very Old
2494,Very Old
2495,Very Old
2496,Very Old
2497,Very Old
2498,Very Old
2499,Very Old
2500,Very Old
2501,Very Old
2502,Very Old
2503,Very Old
2504,Very Old
2505,Very Old
2506,Very Old
2507,Very Old
2508,Very Old
2509,Very Old
2510,Very Old
2511,Very Old
2512,Very Old
2513,Very Old
2514,Very Old
2515,Very Old
2516,Very Old
2517,Very Old
2518,Very Old
2519,Very Old
2520,Very Old
2521,Very Old
2522,Very Old
2523,Very Old
2524,Very Old
2525,Very Old
2526,Very Old
2527,Very Old
2528,Very Old
2529,Very Old
2530,Very Old
2531,Very Old
2532,Very Old
2533,Very Old
2534,Very Old
2535,Very Old
2536,Very Old
2537,Very Old
2538,Very Old
2539,Very Old
2540,Very Old
2541,Very Old
2542,Very Old
2543,Very Old
2544,Very Old
2545,Very Old
2546,Very Old
2547,Very Old
2548,Very Old
2549,Very Old
2550,Very Old
2551,Very Old
2552,Very Old
2553,Very Old
2554,Very Old
2555,Very Old
2556,Very Old
2557,Very Old
2558,Very Old
2559,Very Old
2560,Very Old
2561,Very Old
2562,Very Old
2563,Very Old
2564,Very Old
2565,Very Old
2566,Very Old
2567,Very Old
2568,Very Old
2569,Very Old
2570,Very Old
2571,Very Old
2572,Very Old
2573,Very Old
2574,Very Old
2575,Very Old
2576,Very Old
2577,Very Old
2578,Very Old
2579,Very Old
2580,Very Old
2581,Very Old
2582,Very Old
2583,Very Old
2584,Very Old
2585,Very Old
2586,Very Old
2587,Very Old
2588,Very Old
2589,Very Old
2590,Very Old
2591,Very Old
2592,Very Old
2593,Very Old
2594,Very Old
2595,Very Old
2596,Very Old
2597,Very Old
2598,Very Old
2599,Very Old
2600,Very Old
2601,Very Old
2602,Very Old
2603,Very Old
2604,Very Old
2605,Very Old
2606,Very Old
2607,Very Old
2608,Very Old
2609,Very Old
2610,Very Old
2611,Very Old
2612,Very Old
2613,Very Old
2614,Very Old
2615,Very Old
2616,Very Old
2617,Very Old
2618,Very Old
2619,Very Old
2620,Very Old
2621,Very Old
2622,Very Old
2623,Very Old
2624,Very Old
2625,Very Old
2626,Very Old
2627,Very Old
2628,Very Old
2629,Very Old
2630,Very Old
2631,Very Old
2632,Very Old
2633,Very Old
2634,Very Old
2635,Very Old
2636,Very Old
2637,Very Old
2638,Very Old
2639,Very Old
2640,Very Old
2641,Very Old
2642,Very Old
2643,Very Old
2644,Very Old
2645,Very Old
2646,Very Old
2647,Very Old
2648,Very Old
2649,Very Old
2650,Very Old
2651,Very Old
2652,Very Old
2653,Very Old
2654,Very Old
2655,Very Old
2656,Very Old
2657,Very Old
2658,Very Old
2659,Very Old
2660,Very Old
2661,Very Old
2662,Very Old
2663,Very Old
2664,Very Old
2665,Very Old
2666,Very Old
2667,Very Old
2668,Very Old
2669,Very Old
2670,Very Old
2671,Very Old
2672,Very Old
2673,Very Old
2674,Very Old
2675,Very Old
2676,Very Old
2677,Very Old
2678,Very Old
2679,Very Old
2680,Very Old
2681,Very Old
2682,Very Old
2683,Very Old
2684,Very Old
2685,Very Old
2686,Very Old
2687,Very Old
2688,Very Old
2689,Very Old
2690,Very Old
2691,Very Old
2692,Very Old
2693,Very Old
2694,Very Old
2695,Very Old
2696,Very Old
2697,Very Old
2698,Very Old
2699,Very Old
2700,Very Old
2701,Very Old
2702,Very Old
2703,Very Old
2704,Very Old
2705,Very Old
2706,Very Old
2707,Very Old
2708,Very Old
2709,Very Old
2710,Very Old
2711,Very Old
2712,Very Old
2713,Very Old
2714,Very Old
2715,Very Old
2716,Very Old
2717,Very Old
2718,Very Old
2719,Very Old
2720,Very Old
2721,Very Old
2722,Very Old
2723,Very Old
2724,Very Old
2725,Very Old
2726,Very Old
2727,Very Old
2728,Very Old
2729,Very Old
2730,Very Old
2731,Very Old
2732,Very Old
2733,Very Old
2734,Very Old
2735,Very Old
2736,Very Old
2737,Very Old
2738,Very Old
2739,Very Old
2740,Very Old
2741,Very Old
2742,Very Old
2743,Very Old
2744,Very Old
2745,Very Old
2746,Very Old
2747,Very Old
2748,Very Old
2749,Very Old
2750,Very Old
2751,Very Old
2752,Very Old
2753,Very Old
2754,Very Old
2755,Very Old
2756,Very Old
2757,Very Old
2758,Very Old
2759,Very Old
2760,Very Old
2761,Very Old
2762,Very Old
2763,Very Old
2764,Very Old
2765,Very Old
2766,Very Old
2767,Very Old
2768,Very Old
2769,Very Old
2770,Very Old
2771,Very Old
2772,Very Old
2773,Very Old
2774,Very Old
2775,Very Old
2776,Very Old
2777,Very Old
2778,Very Old
2779,Very Old
2780,Very Old
2781,Very Old
2782,Very Old
2783,Very Old
2784,Very Old
2785,Very Old
2786,Very Old
2787,Very Old
2788,Very Old
2789,Very Old
2790,Very Old
2791,Very Old
2792,Very Old
2793,Very Old
2794,Very Old
2795,Very Old
2796,Very Old
2797,Very Old
2798,Very Old
2799,Very Old
2800,Very Old
2801,Very Old
2802,Very Old
2803,Very Old
2804,Very Old
2805,Very Old
2806,Very Old
2807,Very Old
2808,Very Old
2809,Very Old
2810,Very Old
2811,Very Old
2812,Very Old
2813,Very Old
2814,Very Old
2815,Very Old
2816,Very Old
2817,Very Old
2818,Very Old
2819,Very Old
2820,Very Old
2821,Very Old
2822,Very Old
2823,Very Old
2824,Very Old
2825,Very Old
2826,Very Old
2827,Very Old
2828,Very Old
2829,Very Old
2830,Very Old
2831,Very Old
2832,Very Old
2833,Very Old
2834,Very Old
2835,Very Old
2836,Very Old
2837,Very Old
2838,Very Old
2839,Very Old
2840,Very Old
2841,Very Old
2842,Very Old
2843,Very Old
2844,Very Old
2845,Very Old
2846,Very Old
2847,Very Old
2848,Very Old
2849,Very Old
2850,Very Old
2851,Very Old
2852,Very Old
2853,Very Old
2854,Very Old
2855,Very Old
2856,Very Old
2857,Very Old
2858,Very Old
2859,Very Old
2860,Very Old
2861,Very Old
2862,Very Old
2863,Very Old
2864,Very Old
2865,Very Old
2866,Very Old
2867,Very Old
2868,Very Old
2869,Very Old
2870,Very Old
2871,Very Old
2872,Very Old
2873,Very Old
2874,Very Old
2875,Very Old
2876,Very Old
2877,Very Old
2878,Very Old
2879,Very Old
2880,Very Old
2881,Very Old
2882,Very Old
2883,Very Old
2884,Very Old
2885,Very Old
2886,Very Old
2887,Very Old
2888,Very Old
2889,Very Old
2890,Very Old
2891,Very Old
2892,Very Old
2893,Very Old
2894,Very Old
2895,Very Old
2896,Very Old
2897,Very Old
2898,Very Old
2899,Very Old
2900,Very Old
2901,Very Old
2902,Very Old
2903,Very Old
2904,Very Old
2905,Very Old
2906,Very Old
2907,Very Old
2908,Very Old
2909,Very Old
2910,Very Old
2911,Very Old
2912,Very Old
2913,Very Old
2914,Very Old
2915,Very Old
2916,Very Old
2917,Very Old
2918,Very Old
2919,Very Old
2920,Very Old
2921,Very Old
2922,Very Old
2923,Very Old
2924,Very Old
2925,Very Old
2926,Very Old
2927,Very Old
2928,Very Old
2929,Very Old
2930,Very Old
2931,Very Old
2932,Very Old
2933,Very Old
2934,Very Old
2935,Very Old
2936,Very Old
2937,Very Old
2938,Very Old
2939,Very Old
2940,Very Old
2941,Very Old
2942,Very Old
2943,Very Old
2944,Very Old
2945,Very Old
2946,Very Old
2947,Very Old
2948,Very Old
2949,Very Old
2950,Very Old
2951,Very Old
2952,Very Old
2953,Very Old
2954,Very Old
2955,Very Old
2956,Very Old
2957,Very Old
2958,Very Old
2959,Very Old
2960,Very Old
2961,Very Old
2962,Very Old
2963,Very Old
2964,Very Old
2965,Very Old
2966,Very Old
2967,Very Old
2968,Very Old
2969,Very Old
2970,Very Old
2971,Very Old
2972,Very Old
2973,Very Old
2974,Very Old
2975,Very Old
2976,Very Old
2977,Very Old
2978,Very Old
2979,Very Old
2980,Very Old
2981,Very Old
2982,Very Old
2983,Very Old
2984,Very Old
2985,Very Old
2986,Very Old
2987,Very Old
2988,Very Old
2989,Very Old
2990,Very Old
2991,Very Old
2992,Very Old
2993,Very Old
2994,Very Old
2995,Very Old
2996,Very Old
2997,Very Old
2998,Very Old
2999,Very Old
3000,Very Old
3001,Very Old
3002,Very Old
3003,Very Old
3004,Very Old
3005,Very Old
3006,Very Old
3007,Very Old
3008,Very Old
3009,Very Old
3010,Very Old
3011,Very Old
3012,Very Old
3013,Very Old
3014,Very Old
3015,Very Old
3016,Very Old
3017,Very Old
3018,Very Old
3019,Very Old
3020,Very Old
3021,Very Old
3022,Very Old
3023,Very Old
3024,Very Old
3025,Very Old
3026,Very Old
3027,Very Old
3028,Very Old
3029,Very Old
3030,Very Old
3031,Very Old
3032,Very Old
3033,Very Old
3034,Very Old
3035,Very Old
3036,Very Old
3037,Very Old
3038,Very Old
3039,Very Old
3040,Very Old
3041,Very Old
3042,Very Old
3043,Very Old
3044,Very Old
3045,Very Old
3046,Very Old
3047,Very Old
3048,Very Old
3049,Very Old
3050,Very Old
3051,Very Old
3052,Very Old
3053,Very Old
3054,Very Old
3055,Very Old
3056,Very Old
3057,Very Old
3058,Very Old
3059,Very Old
3060,Very Old
3061,Very Old
3062,Very Old
3063,Very Old
3064,Very Old
3065,Very Old
3066,Very Old
3067,Very Old
3068,Very Old
3069,Very Old
3070,Very Old
3071,Very Old
3072,Very Old
3073,Very Old
3074,Very Old
3075,Very Old
3076,Very Old
3077,Very Old
3078,Very Old
3079,Very Old
3080,Very Old
3081,Very Old
3082,Very Old
3083,Very Old
3084,Very Old
3085,Very Old
3086,Very Old
3087,Very Old
3088,Very Old
3089,Very Old
3090,Very Old
3091,Very Old
3092,Very Old
3093,Very Old
3094,Very Old
3095,Very Old
3096,Very Old
3097,Very Old
3098,Very Old
3099,Very Old
3100,Very Old
3101,Very Old
3102,Very Old
3103,Very Old
3104,Very Old
3105,Very Old
3106,Very Old
3107,Very Old
3108,Very Old
3109,Very Old
3110,Very Old
3111,Very Old
3112,Very Old
3113,Very Old
3114,Very Old
3115,Very Old
3116,Very Old
3117,Very Old
3118,Very Old
3119,Very Old
3120,Very Old
3121,Very Old
3122,Very Old
3123,Very Old
3124,Very Old
3125,Very Old
3126,Very Old
3127,Very Old
3128,Very Old
3129,Very Old
3130,Very Old
3131,Very Old
3132,Very Old
3133,Very Old
3134,Very Old
3135,Very Old
3136,Very Old
3137,Very Old
3138,Very Old
3139,Very Old
3140,Very Old
3141,Very Old
3142,Very Old
3143,Very Old
3144,Very Old
3145,Very Old
3146,Very Old
3147,Very Old
3148,Very Old
3149,Very Old
3150,Very Old
3151,Very Old
3152,Very Old
3153,Very Old
3154,Very Old
3155,Very Old
3156,Very Old
3157,Very Old
3158,Very Old
3159,Very Old
3160,Very Old
3161,Very Old
3162,Very Old
3163,Very Old
3164,Very Old
3165,Very Old
3166,Very Old
3167,Very Old
3168,Very Old
3169,Very Old
3170,Very Old
3171,Very Old
3172,Very Old
3173,Very Old
3174,Very Old
3175,Very Old
3176,Very Old
3177,Very Old
3178,Very Old
3179,Very Old
3180,Very Old
3181,Very Old
3182,Very Old
3183,Very Old
3184,Very Old
3185,Very Old
3186,Very Old
3187,Very Old
3188,Very Old
3189,Very Old
3190,Very Old
3191,Very Old
3192,Very Old
3193,Very Old
3194,Very Old
3195,Very Old
3196,Very Old
3197,Very Old
3198,Very Old
3199,Very Old
3200,Very Old
3201,Very Old
3202,Very Old
3203,Very Old
3204,Very Old
3205,Very Old
3206,Very Old
3207,Very Old
3208,Very Old
3209,Very Old
3210,Very Old
3211,Very Old
3212,Very Old
3213,Very Old
3214,Very Old
3215,Very Old
3216,Very Old
3217,Very Old
3218,Very Old
3219,Very Old
3220,Very Old
3221,Very Old
3222,Very Old
3223,Very Old
3224,Very Old
3225,Very Old
3226,Very Old
3227,Very Old
3228,Very Old
3229,Very Old
3230,Very Old
3231,Very Old
3232,Very Old
3233,Very Old
3234,Very Old
3235,Very Old
3236,Very Old
3237,Very Old
3238,Very Old
3239,Very Old
3240,Very Old
3241,Very Old
3242,Very Old
3243,Very Old
3244,Very Old
3245,Very Old
3246,Very Old
3247,Very Old
3248,Very Old
3249,Very Old
3250,Very Old
3251,Very Old
3252,Very Old
3253,Very Old
3254,Very Old
3255,Very Old
3256,Very Old
3257,Very Old
3258,Very Old
3259,Very Old
3260,Very Old
3261,Very Old
3262,Very Old
3263,Very Old
3264,Very Old
3265,Very Old
3266,Very Old
3267,Very Old
3268,Very Old
3269,Very Old
3270,Very Old
3271,Very Old
3272,Very Old
3273,Very Old
3274,Very Old
3275,Very Old
3276,Very Old
3277,Very Old
3278,Very Old
3279,Very Old
3280,Very Old
3281,Very Old
3282,Very Old
3283,Very Old
3284,Very Old
3285,Very Old
3286,Very Old
3287,Very Old
3288,Very Old
3289,Very Old
3290,Very Old
3291,Very Old
3292,Very Old
3293,Very Old
3294,Very Old
3295,Very Old
3296,Very Old
3297,Very Old
3298,Very Old
3299,Very Old
3300,Very Old
3301,Very Old
3302,Very Old
3303,Very Old
3304,Very Old
3305,Very Old
3306,Very Old
3307,Very Old
3308,Very Old
3309,Very Old
3310,Very Old
3311,Very Old
3312,Very Old
3313,Very Old
3314,Very Old
3315,Very Old
3316,Very Old
3317,Very Old
3318,Very Old
3319,Very Old
3320,Very Old
3321,Very Old
3322,Very Old
3323,Very Old
3324,Very Old
3325,Very Old
3326,Very Old
3327,Very Old
3328,Very Old
3329,Very Old
3330,Very Old
3331,Very Old
3332,Very Old
3333,Very Old
3334,Very Old
3335,Very Old
3336,Very Old
3337,Very Old
3338,Very Old
3339,Very Old
3340,Very Old
3341,Very Old
3342,Very Old
3343,Very Old
3344,Very Old
3345,Very Old
3346,Very Old
3347,Very Old
3348,Very Old
3349,Very Old
3350,Very Old
3351,Very Old
3352,Very Old
3353,Very Old
3354,Very Old
3355,Very Old
3356,Very Old
3357,Very Old
3358,Very Old
3359,Very Old
3360,Very Old
3361,Very Old
3362,Very Old
3363,Very Old
3364,Very Old
3365,Very Old
3366,Very Old
3367,Very Old
3368,Very Old
3369,Very Old
3370,Very Old
3371,Very Old
3372,Very Old
3373,Very Old
3374,Very Old
3375,Very Old
3376,Very Old
3377,Very Old
3378,Very Old
3379,Very Old
3380,Very Old
3381,Very Old
3382,Very Old
3383,Very Old
3384,Very Old
3385,Very Old
3386,Very Old
3387,Very Old
3388,Very Old
3389,Very Old
3390,Very Old
3391,Very Old
3392,Very Old
3393,Very Old
3394,Very Old
3395,Very Old
3396,Very Old
3397,Very Old
3398,Very Old
3399,Very Old
3400,Very Old
3401,Very Old
3402,Very Old
3403,Very Old
3404,Very Old
3405,Very Old
3406,Very Old
3407,Very Old
3408,Very Old
3409,Very Old
3410,Very Old
3411,Very Old
3412,Very Old
3413,Very Old
3414,Very Old
3415,Very Old
3416,Very Old
3417,Very Old
3418,Very Old
3419,Very Old
3420,Very Old
3421,Very Old
3422,Very Old
3423,Very Old
3424,Very Old
3425,Very Old
3426,Very Old
3427,Very Old
3428,Very Old
3429,Very Old
3430,Very Old
3431,Very Old
3432,Very Old
3433,Very Old
3434,Very Old
3435,Very Old
3436,Very Old
3437,Very Old
3438,Very Old
3439,Very Old
3440,Very Old
3441,Very Old
3442,Very Old
3443,Very Old
3444,Very Old
3445,Very Old
3446,Very Old
3447,Very Old
3448,Very Old
3449,Very Old
3450,Very Old
3451,Very Old
3452,Very Old
3453,Very Old
3454,Very Old
3455,Very Old
3456,Very Old
3457,Very Old
3458,Very Old
3459,Very Old
3460,Very Old
3461,Very Old
3462,Very Old
3463,Very Old
3464,Very Old
3465,Very Old
3466,Very Old
3467,Very Old
3468,Very Old
3469,Very Old
3470,Very Old
3471,Very Old
3472,Very Old
3473,Very Old
3474,Very Old
3475,Very Old
3476,Very Old
3477,Very Old
3478,Very Old
3479,Very Old
3480,Very Old
3481,Very Old
3482,Very Old
3483,Very Old
3484,Very Old
3485,Very Old
3486,Very Old
3487,Very Old
3488,Very Old
3489,Very Old
3490,Very Old
3491,Very Old
3492,Very Old
3493,Very Old
3494,Very Old
3495,Very Old
3496,Very Old
3497,Very Old
3498,Very Old
3499,Very Old
3500,Very Old
3501,Very Old
3502,Very Old
3503,Very Old
3504,Very Old
3505,Very Old
3506,Very Old
3507,Very Old
3508,Very Old
3509,Very Old
3510,Very Old
3511,Very Old
3512,Very Old
3513,Very Old
3514,Very Old
3515,Very Old
3516,Very Old
3517,Very Old
3518,Very Old
3519,Very Old
3520,Very Old
3521,Very Old
3522,Very Old
3523,Very Old
3524,Very Old
3525,Very Old
3526,Very Old
3527,Very Old
3528,Very Old
3529,Very Old
3530,Very Old
3531,Very Old
3532,Very Old
3533,Very Old
3534,Very Old
3535,Very Old
3536,Very Old
3537,Very Old
3538,Very Old
3539,Very Old
3540,Very Old
3541,Very Old
3542,Very Old
3543,Very Old
3544,Very Old
3545,Very Old
3546,Very Old
3547,Very Old
3548,Very Old
3549,Very Old
3550,Very Old
3551,Very Old
3552,Very Old
3553,Very Old
3554,Very Old
3555,Very Old
3556,Very Old
3557,Very Old
3558,Very Old
3559,Very Old
3560,Very Old
3561,Very Old
3562,Very Old
3563,Very Old
3564,Very Old
3565,Very Old
3566,Very Old
3567,Very Old
3568,Very Old
3569,Very Old
3570,Very Old
3571,Very Old
3572,Very Old
3573,Very Old
3574,Very Old
3575,Very Old
3576,Very Old
3577,Very Old
3578,Very Old
3579,Very Old
3580,Very Old
3581,Very Old
3582,Very Old
3583,Very Old
3584,Very Old
3585,Very Old
3586,Very Old
3587,Very Old
3588,Very Old
3589,Very Old
3590,Very Old
3591,Very Old
3592,Very Old
3593,Very Old
3594,Very Old
3595,Very Old
3596,Very Old
3597,Very Old
3598,Very Old
3599,Very Old
3600,Very Old
3601,Very Old
3602,Very Old
3603,Very Old
3604,Very Old
3605,Very Old
3606,Very Old
3607,Very Old
3608,Very Old
3609,Very Old
3610,Very Old
3611,Very Old
3612,Very Old
3613,Very Old
3614,Very Old
3615,Very Old
3616,Very Old
3617,Very Old
3618,Very Old
3619,Very Old
3620,Very Old
3621,Very Old
3622,Very Old
3623,Very Old
3624,Very Old
3625,Very Old
3626,Very Old
3627,Very Old
3628,Very Old
3629,Very Old
3630,Very Old
3631,Very Old
3632,Very Old
3633,Very Old
3634,Very Old
3635,Very Old
3636,Very Old
3637,Very Old
3638,Very Old
3639,Very Old
3640,Very Old
3641,Very Old
3642,Very Old
3643,Very Old
3644,Very Old
3645,Very Old
3646,Very Old
3647,Very Old
3648,Very Old
3649,Very Old
3650,Very Old
3651,Very Old
3652,Very Old
3653,Very Old
3654,Very Old
3655,Very Old
3656,Very Old
3657,Very Old
3658,Very Old
3659,Very Old
3660,Very Old
3661,Very Old
3662,Very Old
3663,Very Old
3664,Very Old
3665,Very Old
3666,Very Old
3667,Very Old
3668,Very Old
3669,Very Old
3670,Very Old
3671,Very Old
3672,Very Old
3673,Very Old
3674,Very Old
3675,Very Old
3676,Very Old
3677,Very Old
3678,Very Old
3679,Very Old
3680,Very Old
3681,Very Old
3682,Very Old
3683,Very Old
3684,Very Old
3685,Very Old
3686,Very Old
3687,Very Old
3688,Very Old
3689,Very Old
3690,Very Old
3691,Very Old
3692,Very Old
3693,Very Old
3694,Very Old
3695,Very Old
3696,Very Old
3697,Very Old
3698,Very Old
3699,Very Old
3700,Very Old
3701,Very Old
3702,Very Old
3703,Very Old
3704,Very Old
3705,Very Old
3706,Very Old
3707,Very Old
3708,Very Old
3709,Very Old
3710,Very Old
3711,Very Old
3712,Very Old
3713,Very Old
3714,Very Old
3715,Very Old
3716,Very Old
3717,Very Old
3718,Very Old
3719,Very Old
3720,Very Old
3721,Very Old
3722,Very Old
3723,Very Old
3724,Very Old
3725,Very Old
3726,Very Old
3727,Very Old
3728,Very Old
3729,Very Old
3730,Very Old
3731,Very Old
3732,Very Old
3733,Very Old
3734,Very Old
3735,Very Old
3736,Very Old
3737,Very Old
3738,Very Old
3739,Very Old
3740,Very Old
3741,Very Old
3742,Very Old
3743,Very Old
3744,Very Old
3745,Very Old
3746,Very Old
3747,Very Old
3748,Very Old
3749,Very Old
3750,Very Old
3751,Very Old
3752,Very Old
3753,Very Old
3754,Very Old
3755,Very Old
3756,Very Old
3757,Very Old
3758,Very Old
3759,Very Old
3760,Very Old
3761,Very Old
3762,Very Old
3763,Very Old
3764,Very Old
3765,Very Old
3766,Very Old
3767,Very Old
3768,Very Old
3769,Very Old
3770,Very Old
3771,Very Old
3772,Very Old
3773,Very Old
3774,Very Old
3775,Very Old
3776,Very Old
3777,Very Old
3778,Very Old
3779,Very Old
3780,Very Old
3781,Very Old
3782,Very Old
3783,Very Old
3784,Very Old
3785,Very Old
3786,Very Old
3787,Very Old
3788,Very Old
3789,Very Old
3790,Very Old
3791,Very Old
3792,Very Old
3793,Very Old
3794,Very Old
3795,Very Old
3796,Very Old
3797,Very Old
3798,Very Old
3799,Very Old
3800,Very Old
3801,Very Old
3802,Very Old
3803,Very Old
3804,Very Old
3805,Very Old
3806,Very Old
3807,Very Old
3808,Very Old
3809,Very Old
3810,Very Old
3811,Very Old
3812,Very Old
3813,Very Old
3814,Very Old
3815,Very Old
3816,Very Old
3817,Very Old
3818,Very Old
3819,Very Old
3820,Very Old
3821,Very Old
3822,Very Old
3823,Very Old
3824,Very Old
3825,Very Old
3826,Very Old
3827,Very Old
3828,Very Old
3829,Very Old
3830,Very Old
3831,Very Old
3832,Very Old
3833,Very Old
3834,Very Old
3835,Very Old
3836,Very Old
3837,Very Old
3838,Very Old
3839,Very Old
3840,Very Old
3841,Very Old
3842,Very Old
3843,Very Old
3844,Very Old
3845,Very Old
3846,Very Old
3847,Very Old
3848,Very Old
3849,Very Old
3850,Very Old
3851,Very Old
3852,Very Old
3853,Very Old
3854,Very Old
3855,Very Old
3856,Very Old
3857,Very Old
3858,Very Old
3859,Very Old
3860,Very Old
3861,Very Old
3862,Very Old
3863,Very Old
3864,Very Old
3865,Very Old
3866,Very Old
3867,Very Old
3868,Very Old
3869,Very Old
3870,Very Old
3871,Very Old
3872,Very Old
3873,Very Old
3874,Very Old
3875,Very Old
3876,Very Old
3877,Very Old
3878,Very Old
3879,Very Old
3880,Very Old
3881,Very Old
3882,Very Old
3883,Very Old
3884,Very Old
3885,Very Old
3886,Very Old
3887,Very Old
3888,Very Old
3889,Very Old
3890,Very Old
3891,Very Old
3892,Very Old
3893,Very Old
3894,Very Old
3895,Very Old
3896,Very Old
3897,Very Old
3898,Very Old
3899,Very Old
3900,Very Old
3901,Very Old
3902,Very Old
3903,Very Old
3904,Very Old
3905,Very Old
3906,Very Old
3907,Very Old
3908,Very Old
3909,Very Old
3910,Very Old
3911,Very Old
3912,Very Old
3913,Very Old
3914,Very Old
3915,Very Old
3916,Very Old
3917,Very Old
3918,Very Old
3919,Very Old
3920,Very Old
3921,Very Old
3922,Very Old
3923,Very Old
3924,Very Old
3925,Very Old
3926,Very Old
3927,Very Old
3928,Very Old
3929,Very Old
3930,Very Old
3931,Very Old
3932,Very Old
3933,Very Old
3934,Very Old
3935,Very Old
3936,Very Old
3937,Very Old
3938,Very Old
3939,Very Old
3940,Very Old
3941,Very Old
3942,Very Old
3943,Very Old
3944,Very Old
3945,Very Old
3946,Very Old
3947,Very Old
3948,Very Old
3949,Very Old
3950,Very Old
3951,Very Old
3952,Very Old
3953,Very Old
3954,Very Old
3955,Very Old
3956,Very Old
3957,Very Old
3958,Very Old
3959,Very Old
3960,Very Old
3961,Very Old
3962,Very Old
3963,Very Old
3964,Very Old
3965,Very Old
3966,Very Old
3967,Very Old
3968,Very Old
3969,Very Old
3970,Very Old
3971,Very Old
3972,Very Old
3973,Very Old
3974,Very Old
3975,Very Old
3976,Very Old
3977,Very Old
3978,Very Old
3979,Very Old
3980,Very Old
3981,Very Old
3982,Very Old
3983,Very Old
3984,Very Old
3985,Very Old
3986,Very Old
3987,Very Old
3988,Very Old
3989,Very Old
3990,Very Old
3991,Very Old
3992,Very Old
3993,Very Old
3994,Very Old
3995,Very Old
3996,Very Old
3997,Very Old
3998,Very Old
3999,Very Old
4000,Very Old
4001,Very Old
4002,Very Old
4003,Very Old
4004,Very Old
4005,Very Old
4006,Very Old
4007,Very Old
4008,Very Old
4009,Very Old
4010,Very Old
4011,Very Old
4012,Very Old
4013,Very Old
4014,Very Old
4015,Very Old
4016,Very Old
4017,Very Old
4018,Very Old
4019,Very Old
4020,Very Old
4021,Very Old
4022,Very Old
4023,Very Old
4024,Very Old
4025,Very Old
4026,Very Old
4027,Very Old
4028,Very Old
4029,Very Old
4030,Very Old
4031,Very Old
4032,Very Old
4033,Very Old
4034,Very Old
4035,Very Old
4036,Very Old
4037,Very Old
4038,Very Old
4039,Very Old
4040,Very Old
4041,Very Old
4042,Very Old
4043,Very Old
4044,Very Old
4045,Very Old
4046,Very Old
4047,Very Old
4048,Very Old
4049,Very Old
4050,Very Old
4051,Very Old
4052,Very Old
4053,Very Old
4054,Very Old
4055,Very Old
4056,Very Old
4057,Very Old
4058,Very Old
4059,Very Old
4060,Very Old
4061,Very Old
4062,Very Old
4063,Very Old
4064,Very Old
4065,Very Old
4066,Very Old
4067,Very Old
4068,Very Old
4069,Very Old
4070,Very Old
4071,Very Old
4072,Very Old
4073,Very Old
4074,Very Old
4075,Very Old
4076,Very Old
4077,Very Old
4078,Very Old
4079,Very Old
4080,Very Old
4081,Very Old
4082,Very Old
4083,Very Old
4084,Very Old
4085,Very Old
4086,Very Old
4087,Very Old
4088,Very Old
4089,Very Old
4090,Very Old
4091,Very Old
4092,Very Old
4093,Very Old
4094,Very Old
4095,Very Old
4096,Very Old
4097,Very Old
4098,Very Old
4099,Very Old
4100,Very Old
4101,Very Old
4102,Very Old
4103,Very Old
4104,Very Old
4105,Very Old
4106,Very Old
4107,Very Old
4108,Very Old
4109,Very Old
4110,Very Old
4111,Very Old
4112,Very Old
4113,Very Old
4114,Very Old
4115,Very Old
4116,Very Old
4117,Very Old
4118,Very Old
4119,Very Old
4120,Very Old
4121,Very Old
4122,Very Old
4123,Very Old
4124,Very Old
4125,Very Old
4126,Very Old
4127,Very Old
4128,Very Old
4129,Very Old
4130,Very Old
4131,Very Old
4132,Very Old
4133,Very Old
4134,Very Old
4135,Very Old
4136,Very Old
4137,Very Old
4138,Very Old
4139,Very Old
4140,Very Old
4141,Very Old
4142,Very Old
4143,Very Old
4144,Very Old
4145,Very Old
4146,Very Old
4147,Very Old
4148,Very Old
4149,Very Old
4150,Very Old
4151,Very Old
4152,Very Old
4153,Very Old
4154,Very Old
4155,Very Old
4156,Very Old
4157,Very Old
4158,Very Old
4159,Very Old
4160,Very Old
4161,Very Old
4162,Very Old
4163,Very Old
4164,Very Old
4165,Very Old
4166,Very Old
4167,Very Old
4168,Very Old
4169,Very Old
4170,Very Old
4171,Very Old
4172,Very Old
4173,Very Old
4174,Very Old
4175,Very Old
4176,Very Old
4177,Very Old
4178,Very Old
4179,Very Old
4180,Very Old
4181,Very Old
4182,Very Old
4183,Very Old
4184,Very Old
4185,Very Old
4186,Very Old
4187,Very Old
4188,Very Old
4189,Very Old
4190,Very Old
4191,Very Old
4192,Very Old
4193,Very Old
4194,Very Old
4195,Very Old
4196,Very Old
4197,Very Old
4198,Very Old
4199,Very Old
4200,Very Old
4201,Very Old
4202,Very Old
4203,Very Old
4204,Very Old
4205,Very Old
4206,Very Old
4207,Very Old
4208,Very Old
4209,Very Old
4210,Very Old
4211,Very Old
4212,Very Old
4213,Very Old
4214,Very Old
4215,Very Old
4216,Very Old
4217,Very Old
4218,Very Old
4219,Very Old
4220,Very Old
4221,Very Old
4222,Very Old
4223,Very Old
4224,Very Old
4225,Very Old
4226,Very Old
4227,Very Old
4228,Very Old
4229,Very Old
4230,Very Old
4231,Very Old
4232,Very Old
4233,Very Old
4234,Very Old
4235,Very Old
4236,Very Old
4237,Very Old
4238,Very Old
4239,Very Old
4240,Very Old
4241,Very Old
4242,Very Old
4243,Very Old
4244,Very Old
4245,Very Old
4246,Very Old
4247,Very Old
4248,Very Old
4249,Very Old
4250,Very Old
4251,Very Old
4252,Very Old
4253,Very Old
4254,Very Old
4255,Very Old
4256,Very Old
4257,Very Old
4258,Very Old
4259,Very Old
4260,Very Old
4261,Very Old
4262,Very Old
4263,Very Old
4264,Very Old
4265,Very Old
4266,Very Old
4267,Very Old
4268,Very Old
4269,Very Old
4270,Very Old
4271,Very Old
4272,Very Old
4273,Very Old
4274,Very Old
4275,Very Old
4276,Very Old
4277,Very Old
4278,Very Old
4279,Very Old
4280,Very Old
4281,Very Old
4282,Very Old
4283,Very Old
4284,Very Old
4285,Very Old
4286,Very Old
4287,Very Old
4288,Very Old
4289,Very Old
4290,Very Old
4291,Very Old
4292,Very Old
4293,Very Old
4294,Very Old
4295,Very Old
4296,Very Old
4297,Very Old
4298,Very Old
4299,Very Old
4300,Very Old
4301,Very Old
4302,Very Old
4303,Very Old
4304,Very Old
4305,Very Old
4306,Very Old
4307,Very Old
4308,Very Old
4309,Very Old
4310,Very Old
4311,Very Old
4312,Very Old
4313,Very Old
4314,Very Old
4315,Very Old
4316,Very Old
4317,Very Old
4318,Very Old
4319,Very Old
4320,Very Old
4321,Very Old
4322,Very Old
4323,Very Old
4324,Very Old
4325,Very Old
4326,Very Old
4327,Very Old
4328,Very Old
4329,Very Old
4330,Very Old
4331,Very Old
4332,Very Old
4333,Very Old
4334,Very Old
4335,Very Old
4336,Very Old
4337,Very Old
4338,Very Old
4339,Very Old
4340,Very Old
4341,Very Old
4342,Very Old
4343,Very Old
4344,Very Old
4345,Very Old
4346,Very Old
4347,Very Old
4348,Very Old
4349,Very Old
4350,Very Old
4351,Very Old
4352,Very Old
4353,Very Old
4354,Very Old
4355,Very Old
4356,Very Old
4357,Very Old
4358,Very Old
4359,Very Old
4360,Very Old
4361,Very Old
4362,Very Old
4363,Very Old
4364,Very Old
4365,Very Old
4366,Very Old
4367,Very Old
4368,Very Old
4369,Very Old
4370,Very Old
4371,Very Old
4372,Very Old
4373,Very Old
4374,Very Old
4375,Very Old
4376,Very Old
4377,Very Old
4378,Very Old
4379,Very Old
4380,Very Old
4381,Very Old
4382,Very Old
4383,Very Old
4384,Very Old
4385,Very Old
4386,Very Old
4387,Very Old
4388,Very Old
4389,Very Old
4390,Very Old
4391,Very Old
4392,Very Old
4393,Very Old
4394,Very Old
4395,Very Old
4396,Very Old
4397,Very Old
4398,Very Old
4399,Very Old
4400,Very Old
4401,Very Old
4402,Very Old
4403,Very Old
4404,Very Old
4405,Very Old
4406,Very Old
4407,Very Old
4408,Very Old
4409,Very Old
4410,Very Old
4411,Very Old
4412,Very Old
4413,Very Old
4414,Very Old
4415,Very Old
4416,Very Old
4417,Very Old
4418,Very Old
4419,Very Old
4420,Very Old
4421,Very Old
4422,Very Old
4423,Very Old
4424,Very Old
4425,Very Old
4426,Very Old
4427,Very Old
4428,Very Old
4429,Very Old
4430,Very Old
4431,Very Old
4432,Very Old
4433,Very Old
4434,Very Old
4435,Very Old
4436,Very Old
4437,Very Old
4438,Very Old
4439,Very Old
4440,Very Old
4441,Very Old
4442,Very Old
4443,Very Old
4444,Very Old
4445,Very Old
4446,Very Old
4447,Very Old
4448,Very Old
4449,Very Old
4450,Very Old
4451,Very Old
4452,Very Old
4453,Very Old
4454,Very Old
4455,Very Old
4456,Very Old
4457,Very Old
4458,Very Old
4459,Very Old
4460,Very Old
4461,Very Old
4462,Very Old
4463,Very Old
4464,Very Old
4465,Very Old
4466,Very Old
4467,Very Old
4468,Very Old
4469,Very Old
4470,Very Old
4471,Very Old
4472,Very Old
4473,Very Old
4474,Very Old
4475,Very Old
4476,Very Old
4477,Very Old
4478,Very Old
4479,Very Old
4480,Very Old
4481,Very Old
4482,Very Old
4483,Very Old
4484,Very Old
4485,Very Old
4486,Very Old
4487,Very Old
4488,Very Old
4489,Very Old
4490,Very Old
4491,Very Old
4492,Very Old
4493,Very Old
4494,Very Old
4495,Very Old
4496,Very Old
4497,Very Old
4498,Very Old
4499,Very Old
4500,Very Old
4501,Very Old
4502,Very Old
4503,Very Old
4504,Very Old
4505,Very Old
4506,Very Old
4507,Very Old
4508,Very Old
4509,Very Old
4510,Very Old
4511,Very Old
4512,Very Old
4513,Very Old
4514,Very Old
4515,Very Old
4516,Very Old
4517,Very Old
4518,Very Old
4519,Very Old
4520,Very Old
4521,Very Old
4522,Very Old
4523,Very Old
4524,Very Old
4525,Very Old
4526,Very Old
4527,Very Old
4528,Very Old
4529,Very Old
4530,Very Old
4531,Very Old
4532,Very Old
4533,Very Old
4534,Very Old
4535,Very Old
4536,Very Old
4537,Very Old
4538,Very Old
4539,Very Old
4540,Very Old
4541,Very Old
4542,Very Old
4543,Very Old
4544,Very Old
4545,Very Old
4546,Very Old
4547,Very Old
4548,Very Old
4549,Very Old
4550,Very Old
4551,Very Old
4552,Very Old
4553,Very Old
4554,Very Old
4555,Very Old
4556,Very Old
4557,Very Old
4558,Very Old
4559,Very Old
4560,Very Old
4561,Very Old
4562,Very Old
4563,Very Old
4564,Very Old
4565,Very Old
4566,Very Old
4567,Very Old
4568,Very Old
4569,Very Old
4570,Very Old
4571,Very Old
4572,Very Old
4573,Very Old
4574,Very Old
4575,Very Old
4576,Very Old
4577,Very Old
4578,Very Old
4579,Very Old
4580,Very Old
4581,Very Old
4582,Very Old
4583,Very Old
4584,Very Old
4585,Very Old
4586,Very Old
4587,Very Old
4588,Very Old
4589,Very Old
4590,Very Old
4591,Very Old
4592,Very Old
4593,Very Old
4594,Very Old
4595,Very Old
4596,Very Old
4597,Very Old
4598,Very Old
4599,Very Old
4600,Very Old
4601,Very Old
4602,Very Old
4603,Very Old
4604,Very Old
4605,Very Old
4606,Very Old
4607,Very Old
4608,Very Old
4609,Very Old
4610,Very Old
4611,Very Old
4612,Very Old
4613,Very Old
4614,Very Old
4615,Very Old
4616,Very Old
4617,Very Old
4618,Very Old
4619,Very Old
4620,Very Old
4621,Very Old
4622,Very Old
4623,Very Old
4624,Very Old
4625,Very Old
4626,Very Old
4627,Very Old
4628,Very Old
4629,Very Old
4630,Very Old
4631,Very Old
4632,Very Old
4633,Very Old
4634,Very Old
4635,Very Old
4636,Very Old
4637,Very Old
4638,Very Old
4639,Very Old
4640,Very Old
4641,Very Old
4642,Very Old
4643,Very Old
4644,Very Old
4645,Very Old
4646,Very Old
4647,Very Old
4648,Very Old
4649,Very Old
4650,Very Old
4651,Very Old
4652,Very Old
4653,Very Old
4654,Very Old
4655,Very Old
4656,Very Old
4657,Very Old
4658,Very Old
4659,Very Old
4660,Very Old
4661,Very Old
4662,Very Old
4663,Very Old
4664,Very Old
4665,Very Old
4666,Very Old
4667,Very Old
4668,Very Old
4669,Very Old
4670,Very Old
4671,Very Old
4672,Very Old
4673,Very Old
4674,Very Old
4675,Very Old
4676,Very Old
4677,Very Old
4678,Very Old
4679,Very Old
4680,Very Old
4681,Very Old
4682,Very Old
4683,Very Old
4684,Very Old
4685,Very Old
4686,Very Old
4687,Very Old
4688,Very Old
4689,Very Old
4690,Very Old
4691,Very Old
4692,Very Old
4693,Very Old
4694,Very Old
4695,Very Old
4696,Very Old
4697,Very Old
4698,Very Old
4699,Very Old
4700,Very Old
4701,Very Old
4702,Very Old
4703,Very Old
4704,Very Old
4705,Very Old
4706,Very Old
4707,Very Old
4708,Very Old
4709,Very Old
4710,Very Old
4711,Very Old
4712,Very Old
4713,Very Old
4714,Very Old
4715,Very Old
4716,Very Old
4717,Very Old
4718,Very Old
4719,Very Old
4720,Very Old
4721,Very Old
4722,Very Old
4723,Very Old
4724,Very Old
4725,Very Old
4726,Very Old
4727,Very Old
4728,Very Old
4729,Very Old
4730,Very Old
4731,Very Old
4732,Very Old
4733,Very Old
4734,Very Old
4735,Very Old
4736,Very Old
4737,Very Old
4738,Very Old
4739,Very Old
4740,Very Old
4741,Very Old
4742,Very Old
4743,Very Old
4744,Very Old
4745,Very Old
4746,Very Old
4747,Very Old
4748,Very Old
4749,Very Old
4750,Very Old
4751,Very Old
4752,Very Old
4753,Very Old
4754,Very Old
4755,Very Old
4756,Very Old
4757,Very Old
4758,Very Old
4759,Very Old
4760,Very Old
4761,Very Old
4762,Very Old
4763,Very Old
4764,Very Old
4765,Very Old
4766,Very Old
4767,Very Old
4768,Very Old
4769,Very Old
4770,Very Old
4771,Very Old
4772,Very Old
4773,Very Old
4774,Very Old
4775,Very Old
4776,Very Old
4777,Very Old
4778,Very Old
4779,Very Old
4780,Very Old
4781,Very Old
4782,Very Old
4783,Very Old
4784,Very Old
4785,Very Old
4786,Very Old
4787,Very Old
4788,Very Old
4789,Very Old
4790,Very Old
4791,Very Old
4792,Very Old
4793,Very Old
4794,Very Old
4795,Very Old
4796,Very Old
4797,Very Old
4798,Very Old
4799,Very Old
4800,Very Old
4801,Very Old
4802,Very Old
4803,Very Old
4804,Very Old
4805,Very Old
4806,Very Old
4807,Very Old
4808,Very Old
4809,Very Old
4810,Very Old
4811,Very Old
4812,Very Old
4813,Very Old
4814,Very Old
4815,Very Old
4816,Very Old
4817,Very Old
4818,Very Old
4819,Very Old
4820,Very Old
4821,Very Old
4822,Very Old
4823,Very Old
4824,Very Old
4825,Very Old
4826,Very Old
4827,Very Old
4828,Very Old
4829,Very Old
4830,Very Old
4831,Very Old
4832,Very Old
4833,Very Old
4834,Very Old
4835,Very Old
4836,Very Old
4837,Very Old
4838,Very Old
4839,Very Old
4840,Very Old
4841,Very Old
4842,Very Old
4843,Very Old
4844,Very Old
4845,Very Old
4846,Very Old
4847,Very Old
4848,Very Old
4849,Very Old
4850,Very Old
4851,Very Old
4852,Very Old
4853,Very Old
4854,Very Old
4855,Very Old
4856,Very Old
4857,Very Old
4858,Very Old
4859,Very Old
4860,Very Old
4861,Very Old
4862,Very Old
4863,Very Old
4864,Very Old
4865,Very Old
4866,Very Old
4867,Very Old
4868,Very Old
4869,Very Old
4870,Very Old
4871,Very Old
4872,Very Old
4873,Very Old
4874,Very Old
4875,Very Old
4876,Very Old
4877,Very Old
4878,Very Old
4879,Very Old
4880,Very Old
4881,Very Old
4882,Very Old
4883,Very Old
4884,Very Old
4885,Very Old
4886,Very Old
4887,Very Old
4888,Very Old
4889,Very Old
4890,Very Old
4891,Very Old
4892,Very Old
4893,Very Old
4894,Very Old
4895,Very Old
4896,Very Old
4897,Very Old
4898,Very Old
4899,Very Old
4900,Very Old
4901,Very Old
4902,Very Old
4903,Very Old
4904,Very Old
4905,Very Old
4906,Very Old
4907,Very Old
4908,Very Old
4909,Very Old
4910,Very Old
4911,Very Old
4912,Very Old
4913,Very Old
4914,Very Old
4915,Very Old
4916,Very Old
4917,Very Old
4918,Very Old
4919,Very Old
4920,Very Old
4921,Very Old
4922,Very Old
4923,Very Old
4924,Very Old
4925,Very Old
4926,Very Old
4927,Very Old
4928,Very Old
4929,Very Old
4930,Very Old
4931,Very Old
4932,Very Old
4933,Very Old
4934,Very Old
4935,Very Old
4936,Very Old
4937,Very Old
4938,Very Old
4939,Very Old
4940,Very Old
4941,Very Old
4942,Very Old
4943,Very Old
4944,Very Old
4945,Very Old
4946,Very Old
4947,Very Old
4948,Very Old
4949,Very Old
4950,Very Old
4951,Very Old
4952,Very Old
4953,Very Old
4954,Very Old
4955,Very Old
4956,Very Old
4957,Very Old
4958,Very Old
4959,Very Old
4960,Very Old
4961,Very Old
4962,Very Old
4963,Very Old
4964,Very Old
4965,Very Old
4966,Very Old
4967,Very Old
4968,Very Old
4969,Very Old
4970,Very Old
4971,Very Old
4972,Very Old
4973,Very Old
4974,Very Old
4975,Very Old
4976,Very Old
4977,Very Old
4978,Very Old
4979,Very Old
4980,Very Old
4981,Very Old
4982,Very Old
4983,Very Old
4984,Very Old
4985,Very Old
4986,Very Old
4987,Very Old
4988,Very Old
4989,Very Old
4990,Very Old
4991,Very Old
4992,Very Old
4993,Very Old
4994,Very Old
4995,Very Old
4996,Very Old
4997,Very Old
4998,Very Old
4999,Very Old
5000,Very Old
5001,Very Old
5002,Very Old
5003,Very Old
5004,Very Old
5005,Very Old
5006,Very Old
5007,Very Old
5008,Very Old
5009,Very Old
5010,Very Old
5011,Very Old
5012,Very Old
5013,Very Old
5014,Very Old
5015,Very Old
5016,Very Old
5017,Very Old
5018,Very Old
5019,Very Old
5020,Very Old
5021,Very Old
5022,Very Old
5023,Very Old
5024,Very Old
5025,Very Old
5026,Very Old
5027,Very Old
5028,Very Old
5029,Very Old
5030,Very Old
5031,Very Old
5032,Very Old
5033,Very Old
5034,Very Old
5035,Very Old
5036,Very Old
5037,Very Old
5038,Very Old
5039,Very Old
5040,Very Old
5041,Very Old
5042,Very Old
5043,Very Old
5044,Very Old
5045,Very Old
5046,Very Old
5047,Very Old
5048,Very Old
5049,Very Old
5050,Very Old
5051,Very Old
5052,Very Old
5053,Very Old
5054,Very Old
5055,Very Old
5056,Very Old
5057,Very Old
5058,Very Old
5059,Very Old
5060,Very Old
5061,Very Old
5062,Very Old
5063,Very Old
5064,Very Old
5065,Very Old
5066,Very Old
5067,Very Old
5068,Very Old
5069,Very Old
5070,Very Old
5071,Very Old
5072,Very Old
5073,Very Old
5074,Very Old
5075,Very Old
5076,Very Old
5077,Very Old
5078,Very Old
5079,Very Old
5080,Very Old
5081,Very Old
5082,Very Old
5083,Very Old
5084,Very Old
5085,Very Old
5086,Very Old
5087,Very Old
5088,Very Old
5089,Very Old
5090,Very Old
5091,Very Old
5092,Very Old
5093,Very Old
5094,Very Old
5095,Very Old
5096,Very Old
5097,Very Old
5098,Very Old
5099,Very Old
5100,Very Old
